t,u_probe,v_probe,p_probe,f_x,f_y,c_d,c_l
9.400000000000000369e-03,9.866812094409409539e-01,-7.381771418202677862e-03,-2.350955906834653608e-01,5.387477617324939322e-04,-4.978012631013523093e-18,4.309982093859951457e-03,-3.982410104810818474e-17
2.505000000000000004e-01,9.533065008784021854e-01,-3.798214585505917118e-02,4.432061794708507918e+00,-4.775241862073734828e-03,-3.361026734705063745e-18,-3.820193489658987862e-02,-2.688821387764050996e-17
5.062999999999999723e-01,9.151013328788134560e-01,-1.287900580860288080e-01,9.077387016234393258e+00,-1.101125763300955102e-02,-1.962405932198763026e-17,-8.809006106407640813e-02,-1.569924745759010420e-16
7.553999999999999604e-01,9.150682084037820019e-01,-3.196080706605433641e-01,1.309272396273007644e+01,-1.915552413131551765e-02,-2.016616040823038247e-17,-1.532441930505241412e-01,-1.613292832658430598e-16
1.006000000000000005e+00,8.099251933422035865e-01,-2.855425479597721306e-01,1.299833387722236822e+01,-3.179734976385500955e-02,-7.047314121155778821e-17,-2.543787981108400764e-01,-5.637851296924623057e-16
1.250699999999999923e+00,6.743154599891183487e-01,-2.287205006463686185e-01,8.361269951848356641e+00,-5.086335813721171162e-02,-3.794707603699265519e-17,-4.069068650976936929e-01,-3.035766082959412415e-16
1.504000000000000004e+00,5.575231145598064098e-01,-1.680202161909642722e-01,2.165987542852743086e-02,-7.088442568505926022e-02,-2.970713952610282149e-17,-5.670754054804740818e-01,-2.376571162088225719e-16
1.750699999999999923e+00,4.694908668687535203e-01,-1.191983487806525521e-01,-1.038144975907090739e+01,-8.268345134058428803e-02,-7.806255641895631925e-17,-6.614676107246743042e-01,-6.245004513516505540e-16
2.004199999999999982e+00,3.989566458076134192e-01,-7.918101128715081261e-02,-2.248221611319394242e+01,-8.316805307347609200e-02,-1.006139616066548115e-16,-6.653444245878087360e-01,-8.049116928532384918e-16
2.251100000000000101e+00,3.465380674720551224e-01,-4.862888132436163358e-02,-3.498569297101968090e+01,-6.965676870788421737e-02,-1.769417945496343236e-16,-5.572541496630737390e-01,-1.415534356397074589e-15
2.505399999999999849e+00,3.055387341232503329e-01,-2.445399154543571527e-02,-4.811360532562736125e+01,-4.041112516177871455e-02,-2.172741153660950886e-16,-3.232890012942297164e-01,-1.738192922928760709e-15
2.753699999999999815e+00,2.749038568616215539e-01,-7.065893417943738819e-03,-6.084105213330563089e+01,2.612118286235101672e-03,1.279358563532895232e-16,2.089694628988081337e-02,1.023486850826316186e-15
3.002400000000000180e+00,2.508731229072020952e-01,5.585668766498289549e-03,-7.333612267998779544e+01,5.825562073893276321e-02,4.505944228849756428e-16,4.660449659114621057e-01,3.604755383079805142e-15
3.251199999999999868e+00,2.317662739868044386e-01,1.452538311012509763e-02,-8.549580919888894925e+01,1.237423769870767409e-01,1.075528555105620399e-16,9.899390158966139275e-01,8.604228440844963188e-16
3.500399999999999956e+00,2.163735034341178753e-01,2.058831878873440893e-02,-9.726890298505372812e+01,1.958621553629529832e-01,-7.710845850716907535e-16,1.566897242903623866e+00,-6.168676680573526028e-15
3.756800000000000139e+00,2.034055492144374033e-01,2.439600052992318274e-02,-1.089424919864720493e+02,2.736670439428595669e-01,-1.086370576830475443e-15,2.189336351542876535e+00,-8.690964614643803543e-15
4.006800000000000139e+00,1.928190965471223983e-01,2.634520550600454730e-02,-1.198916938972511446e+02,3.501090971381809469e-01,3.378373969464831816e-16,2.800872777105447575e+00,2.702699175571865453e-15
4.250300000000000189e+00,1.840290138664666952e-01,2.705553207665404095e-02,-1.301673099488425862e+02,4.228732841584125213e-01,2.331902032581822937e-15,3.382986273267300170e+00,1.865521626065458349e-14
4.501299999999999635e+00,1.762494265022710449e-01,2.693141092396688502e-02,-1.403800107933680010e+02,4.943968735305000473e-01,1.926410420072244278e-15,3.955174988244000378e+00,1.541128336057795423e-14
4.752900000000000347e+00,1.695459226212486237e-01,2.622639576363661879e-02,-1.502600577784317863e+02,5.614161030724063028e-01,-2.433817036795460353e-15,4.491328824579250423e+00,-1.947053629436368283e-14
5.004999999999999893e+00,1.637687341991544698e-01,2.517356072762366032e-02,-1.598364508437610141e+02,6.233030491772273418e-01,-5.773159728050814010e-15,4.986424393417818735e+00,-4.618527782440651208e-14
5.250600000000000378e+00,1.589320338254994469e-01,2.398085374447987000e-02,-1.688747075049646469e+02,6.783463404406699926e-01,-1.818423883692688037e-15,5.426770723525359941e+00,-1.454739106954150429e-14
5.503800000000000026e+00,1.546666173806122702e-01,2.270787831443233165e-02,-1.779005424427222124e+02,7.297915117430856524e-01,7.699136467254064087e-15,5.838332093944685219e+00,6.159309173803251269e-14
5.750300000000000189e+00,1.511337084178968060e-01,2.150480911162062567e-02,-1.864214367373755294e+02,7.750906849384791020e-01,1.050158224269459595e-14,6.200725479507832816e+00,8.401265794155676758e-14
6.004400000000000404e+00,1.480533377880969836e-01,2.035305512427750679e-02,-1.949437292822647123e+02,8.172995157781626219e-01,-2.447911665037771911e-15,6.538396126225300975e+00,-1.958329332030217529e-14
6.251800000000000246e+00,1.455269036051847209e-01,1.934510916644160278e-02,-2.030202132142568132e+02,8.545963095019120104e-01,-1.936493500276359470e-14,6.836770476015296083e+00,-1.549194800221087576e-13
6.506599999999999717e+00,1.433432640200898445e-01,1.843448332448320917e-02,-2.111378608036694118e+02,8.896769824929647852e-01,-1.544839017993127062e-14,7.117415859943718281e+00,-1.235871214394501649e-13
6.754500000000000171e+00,1.415644296961732773e-01,1.767087740713887967e-02,-2.188640688734257367e+02,9.211203619013753618e-01,1.606044941135365001e-14,7.368962895211002895e+00,1.284835952908292001e-13
7.002799999999999692e+00,1.400720071003886402e-01,1.701837603935317522e-02,-2.264416704048122710e+02,9.504177028314291231e-01,4.032137037451866135e-14,7.603341622651432985e+00,3.225709629961492908e-13
7.251199999999999868e+00,1.388179942711956216e-01,1.646660667915632315e-02,-2.338864366714713583e+02,9.779880384482138034e-01,1.430192769769078609e-14,7.823904307585710427e+00,1.144154215815262887e-13
7.506800000000000139e+00,1.377346596071042928e-01,1.599362311057560618e-02,-2.414232294718108562e+02,1.004920133955757189e+00,-5.035533622022025924e-14,8.039361071646057511e+00,-4.028426897617620739e-13
7.755499999999999616e+00,1.368474791164437654e-01,1.561219442798757878e-02,-2.486497866157754402e+02,1.030020942739701795e+00,-6.884033273979461853e-14,8.240167541917614358e+00,-5.507226619183569483e-13
8.004300000000000637e+00,1.360932231851610663e-01,1.529669791098959425e-02,-2.557908738580862291e+02,1.054296705098461739e+00,1.037494742894828903e-14,8.434373640787693915e+00,8.299957943158631224e-14
8.253199999999999648e+00,1.354477432210953181e-01,1.503850115362685355e-02,-2.628583933207497694e+02,1.077937807265581860e+00,1.151088772910480174e-13,8.623502458124654879e+00,9.208710183283841388e-13
8.502100000000000435e+00,1.348922097474650472e-01,1.482841658571111380e-02,-2.698629150003629888e+02,1.101092397431448822e+00,9.554119648202963333e-14,8.808739179451590573e+00,7.643295718562370666e-13
8.751099999999999213e+00,1.344100959526491890e-01,1.465703474520138605e-02,-2.768139040917508851e+02,1.123874594356359946e+00,-8.196481687816614681e-14,8.990996754850879569e+00,-6.557185350253291745e-13
9.000199999999999534e+00,1.339874287165279676e-01,1.451808928229143814e-02,-2.837197149859689489e+02,1.146370339789114068e+00,-2.230273257741721693e-13,9.170962718312912543e+00,-1.784218606193377354e-12
9.256399999999999295e+00,1.336036878609888900e-01,1.440367117816020170e-02,-2.907833328956158994e+02,1.169276168640597691e+00,-8.297442594118464854e-14,9.354209349124781525e+00,-6.637954075294771883e-13
9.505599999999999383e+00,1.332717282781543111e-01,1.431507189296995358e-02,-2.976187658945515295e+02,1.191366535305780294e+00,2.575491903078486189e-13,9.530932282446242354e+00,2.060393522462788951e-12
9.754699999999999704e+00,1.329735111934796654e-01,1.424441296547005430e-02,-3.044281929596258465e+02,1.213314330677312203e+00,3.730800390844279946e-13,9.706514645418497622e+00,2.984640312675423957e-12
1.000389999999999979e+01,1.327036293567301628e-01,1.418819546426833972e-02,-3.112163455777741774e+02,1.235144030426029715e+00,-2.724903636064368584e-14,9.881152243408237723e+00,-2.179922908851494867e-13
1.025319999999999965e+01,1.324577972783355650e-01,1.414361765375795124e-02,-3.179872934268867652e+02,1.256873020902345983e+00,-5.856764725975516228e-13,1.005498416721876787e+01,-4.685411780780412982e-12
1.050239999999999974e+01,1.322326213618833235e-01,1.410839326941362021e-02,-3.247445175485256073e+02,1.278513598240698101e+00,-5.217744639129939799e-13,1.022810878592558481e+01,-4.174195711303951839e-12
1.075159999999999982e+01,1.320254003112099062e-01,1.408064138559895172e-02,-3.314909725136292877e+02,1.300074624175887816e+00,3.760524877605142535e-13,1.040059699340710253e+01,3.008419902084114028e-12
1.100089999999999968e+01,1.318339739030289226e-01,1.405882083116971777e-02,-3.382291361189163581e+02,1.321562685707116103e+00,1.142634598050307204e-12,1.057250148565692882e+01,9.141076784402457633e-12
1.125019999999999953e+01,1.316566064376641920e-01,1.404167706769027593e-02,-3.449610551395330162e+02,1.342982853306132984e+00,5.356930177224938916e-13,1.074386282644906387e+01,4.285544141779951133e-12
1.150660000000000061e+01,1.314873615439133558e-01,1.402785509541506527e-02,-3.518805446620563089e+02,1.364948466448522968e+00,-1.239952585052606082e-12,1.091958773158818374e+01,-9.919620680420848657e-12
1.175590000000000046e+01,1.313344695744029234e-01,1.401728907900662985e-02,-3.586045292994351712e+02,1.386242691452141962e+00,-1.932027454687457180e-12,1.108994153161713569e+01,-1.545621963749965744e-11
1.200520000000000032e+01,1.311921088691950510e-01,1.400889866224779012e-02,-3.653262796195859892e+02,1.407479556101069340e+00,-6.187758638809270906e-15,1.125983644880855472e+01,-4.950206911047416725e-14
1.225450000000000017e+01,1.310594823533428877e-01,1.400216935202884191e-02,-3.720465440975024194e+02,1.428661788411811351e+00,2.878452684540455664e-12,1.142929430729449081e+01,2.302762147632364531e-11
1.250389999999999979e+01,1.309359056869766058e-01,1.399669669800168541e-02,-3.787658576944019160e+02,1.449791969082412812e+00,2.778006991110970603e-12,1.159833575265930250e+01,2.222405592888776482e-11
1.275319999999999965e+01,1.308207795026381515e-01,1.399216602103161081e-02,-3.854845813683717779e+02,1.470872594856680537e+00,-1.622360232267361368e-12,1.176698075885344430e+01,-1.297888185813889095e-11
1.300249999999999950e+01,1.307135683807976456e-01,1.398833536265466949e-02,-3.922029382155727717e+02,1.491906114607176814e+00,-5.708773731516458838e-12,1.193524891685741451e+01,-4.567018985213167070e-11
1.325189999999999912e+01,1.306137851991173437e-01,1.398502118419346976e-02,-3.989210459094893508e+02,1.512894946866524704e+00,-3.081266145010808089e-12,1.210315957493219763e+01,-2.465012916008646471e-11
1.350120000000000076e+01,1.305209797353138468e-01,1.398208643022185241e-02,-4.056389450314254077e+02,1.533841484968259117e+00,5.545224002201365465e-12,1.227073187974607293e+01,4.436179201761092372e-11
1.375060000000000038e+01,1.304347305852129324e-01,1.397943062352616575e-02,-4.123566229295474841e+02,1.554748094215149257e+00,9.938846620705099610e-12,1.243798475372119405e+01,7.951077296564079688e-11
1.400709999999999944e+01,1.303524379783852771e-01,1.397691422885622217e-02,-4.192659544558619018e+02,1.576212832040341683e+00,8.959655933837851194e-13,1.260970265632273346e+01,7.167724747070280955e-12
1.425639999999999930e+01,1.302782863045159334e-01,1.397462574606481676e-02,-4.259830205714159206e+02,1.597045550853387397e+00,-1.387786760509435169e-11,1.277636440682709917e+01,-1.110229408407548135e-10
1.450580000000000069e+01,1.302095438617129064e-01,1.397245977515442286e-02,-4.326996777416853206e+02,1.617845244473643085e+00,-1.472363723997727192e-11,1.294276195578914468e+01,-1.177890979198181753e-10
1.475520000000000032e+01,1.301458703342188439e-01,1.397039971856296921e-02,-4.394158526629084349e+02,1.638614070970217718e+00,6.482359787840508147e-12,1.310891256776174174e+01,5.185887830272406518e-11
1.500459999999999994e+01,1.300869509195215212e-01,1.396842355971597213e-02,-4.461314772473920129e+02,1.659354111798605258e+00,2.820283243054610978e-11,1.327483289438884206e+01,2.256226594443688782e-10
1.525389999999999979e+01,1.300324596172760805e-01,1.396650403818624694e-02,-4.528464922368215184e+02,1.680067362560077049e+00,1.755993787877496715e-11,1.344053890048061639e+01,1.404795030301997372e-10
1.550329999999999941e+01,1.299820816658282530e-01,1.396465714341252676e-02,-4.595608500963058987e+02,1.700755717371522868e+00,-2.508278654222984017e-11,1.360604573897218295e+01,-2.006622923378387213e-10
1.575270000000000081e+01,1.299355348176861602e-01,1.396289688074342332e-02,-4.662745150914487908e+02,1.721420966786714857e+00,-5.039113917804094456e-11,1.377136773429371885e+01,-4.031291134243275565e-10
1.600209999999999866e+01,1.298925517498522864e-01,1.396122102566565125e-02,-4.729874625900375804e+02,1.742064816747932232e+00,-1.128641971548383083e-11,1.393651853398345786e+01,-9.029135772387064662e-11
1.625150000000000006e+01,1.298528761465101433e-01,1.395962467325248361e-02,-4.796996784814335797e+02,1.762688890530694774e+00,6.418796744123156373e-11,1.410151112424555819e+01,5.135037395298525098e-10
1.650090000000000146e+01,1.298162657763402561e-01,1.395810639691860873e-02,-4.864111583959507357e+02,1.783294712226089596e+00,7.882046057505753822e-11,1.426635769780871676e+01,6.305636846004603058e-10
1.675029999999999930e+01,1.297824936909044158e-01,1.395666672537198942e-02,-4.931219066129388011e+02,1.803883698092401344e+00,-1.949454486727120184e-11,1.443106958473921075e+01,-1.559563589381696147e-10
1.700679999999999836e+01,1.297504942486193413e-01,1.395526835318640704e-02,-5.000236394875291808e+02,1.825044758336698880e+00,-1.380743713808030293e-10,1.460035806669359104e+01,-1.104594971046424234e-09
1.725619999999999976e+01,1.297218420482903201e-01,1.395398861567310675e-02,-5.067329457414272724e+02,1.845603523893566633e+00,-9.858734661971624291e-11,1.476482819114853307e+01,-7.886987729577299433e-10
1.750560000000000116e+01,1.296954267156643636e-01,1.395278645113549529e-02,-5.134415732644636137e+02,1.866149143761148599e+00,1.104354212244640365e-10,1.492919315008918879e+01,8.834833697957122922e-10
1.775499999999999901e+01,1.296710760059958945e-01,1.395166013137058222e-02,-5.201495486878345673e+02,1.886682660442529302e+00,2.536018790799676736e-10,1.509346128354023442e+01,2.028815032639741389e-09
1.800440000000000040e+01,1.296486299899518302e-01,1.395060747143401364e-02,-5.268569013573626307e+02,1.907205037058309793e+00,8.059093670187422731e-11,1.525764029646647835e+01,6.447274936149938185e-10
1.825379999999999825e+01,1.296279404200704199e-01,1.394962602236328279e-02,-5.335636624538477690e+02,1.927717162058529166e+00,-2.998855885838480617e-10,1.542173729646823332e+01,-2.399084708670784494e-09
1.850319999999999965e+01,1.296088699387681342e-01,1.394871310145830677e-02,-5.402698642721717306e+02,1.948219854043385713e+00,-4.099289900583169555e-10,1.558575883234708570e+01,-3.279431920466535644e-09
1.875260000000000105e+01,1.295912913222981300e-01,1.394786562427819537e-02,-5.469755396094827802e+02,1.968713866536497825e+00,5.043275866367658011e-11,1.574971093229198260e+01,4.034620693094126409e-10
1.900199999999999889e+01,1.295750869587525000e-01,1.394708002734123750e-02,-5.536807212269176262e+02,1.989199892634916811e+00,6.593641015129048100e-10,1.591359914107933449e+01,5.274912812103238480e-09
1.925140000000000029e+01,1.295601485167094391e-01,1.394635256328629822e-02,-5.603854413864369235e+02,2.009678569491311961e+00,5.623393868614545710e-10,1.607742855593049569e+01,4.498715094891636568e-09
1.950080000000000169e+01,1.295463764340808177e-01,1.394567979869959680e-02,-5.670897314762885344e+02,2.030150482595909356e+00,-4.384271660995420206e-10,1.624120386076727485e+01,-3.507417328796336164e-09
1.975019999999999953e+01,1.295336789772990327e-01,1.394505878356189395e-02,-5.737936217254820122e+02,2.050616169831910085e+00,-1.261476194336363932e-09,1.640492935865528068e+01,-1.009180955469091145e-08
2.000669999999999860e+01,1.295216504361334786e-01,1.394447087007750011e-02,-5.806886649419855075e+02,2.071660615819482576e+00,-5.217624249320707008e-10,1.657328492655586061e+01,-4.174099399456565607e-09
2.025619999999999976e+01,1.295108785960675246e-01,1.394394493500047093e-02,-5.873918311589919767e+02,2.092115148831982907e+00,1.382093911539428177e-09,1.673692119065586326e+01,1.105675129231542542e-08
2.050560000000000116e+01,1.295009436279671300e-01,1.394345978516598090e-02,-5.940946802580912163e+02,2.112564832228486456e+00,2.113530184200129725e-09,1.690051865782789164e+01,1.690824147360103780e-08
2.075499999999999901e+01,1.294917802624581393e-01,1.394301197681464127e-02,-6.007972364141033950e+02,2.133010048137086390e+00,-1.466358978685633474e-11,1.706408038509669112e+01,-1.173087182948506779e-10
2.100440000000000040e+01,1.294833289512201391e-01,1.394259969950983544e-02,-6.074995222522261429e+02,2.153451147726340942e+00,-3.161928406603120578e-09,1.722760918181072753e+01,-2.529542725282496463e-08
2.125379999999999825e+01,1.294755339990262266e-01,1.394222187198319515e-02,-6.142015588576027767e+02,2.173888453796236853e+00,-3.035865728945319475e-09,1.739110763036989482e+01,-2.428692583156255580e-08
2.150319999999999965e+01,1.294683425256408227e-01,1.394187586686756325e-02,-6.209033657798050854e+02,2.194322263156113451e+00,1.773185813458422189e-09,1.755457810524890760e+01,1.418548650766737751e-08
2.175260000000000105e+01,1.294617056113974152e-01,1.394155679820612177e-02,-6.276049610840793775e+02,2.214752848808552610e+00,6.236072165599626516e-09,1.771802279046842088e+01,4.988857732479701212e-08
2.200199999999999889e+01,1.294555804871788673e-01,1.394126012904635219e-02,-6.343063614761811095e+02,2.235180461934010321e+00,3.390153369836612640e-09,1.788144369547208257e+01,2.712122695869290112e-08
2.225140000000000029e+01,1.294499302881020608e-01,1.394098521220674819e-02,-6.410075824461521279e+02,2.255605333714428173e+00,-6.008416139624550567e-09,1.804484266971542539e+01,-4.806732911699640454e-08
2.250080000000000169e+01,1.294447201515178114e-01,1.394073503290112204e-02,-6.477086383364908215e+02,2.276027676997983029e+00,-1.085968562297701112e-08,1.820822141598386423e+01,-8.687748498381608897e-08
2.275029999999999930e+01,1.294399134402445806e-01,1.394051039375597718e-02,-6.544095423075825693e+02,2.296447687802098514e+00,-1.554998015768083164e-09,1.837158150241678811e+01,-1.243998412614466531e-08
2.300679999999999836e+01,1.294353514486475676e-01,1.394029913660801458e-02,-6.613017547802435274e+02,2.317448884175638657e+00,1.502473811684779115e-08,1.853959107340510926e+01,1.201979049347823292e-07
2.325619999999999976e+01,1.294312568987373013e-01,1.394010297326289151e-02,-6.680023862460986948e+02,2.337864703184270088e+00,1.617415627125362576e-08,1.870291762547416070e+01,1.293932501700290061e-07
2.350560000000000116e+01,1.294274788900266482e-01,1.393991373360271846e-02,-6.747028991658146424e+02,2.358278694280927734e+00,-6.731448190522293373e-09,1.886622955424742187e+01,-5.385158552417834699e-08
2.375499999999999901e+01,1.294240017064888504e-01,1.393974196903320119e-02,-6.814033031239018783e+02,2.378690998556958203e+00,-3.059705965327563781e-08,1.902952798845566562e+01,-2.447764772262051025e-07
2.400440000000000040e+01,1.294208005225395697e-01,1.393959909303985403e-02,-6.881036069401197892e+02,2.399101746104709942e+00,-1.956927885016224167e-08,1.919281396883767954e+01,-1.565542308012979333e-07
2.425390000000000157e+01,1.294178393473842115e-01,1.393947831437609280e-02,-6.948038183712055798e+02,2.419511056908504099e+00,2.663677689529464487e-08,1.935608845526803279e+01,2.130942151623571590e-07
2.450329999999999941e+01,1.294150876783109472e-01,1.393935482126229877e-02,-7.015039442006743684e+02,2.439919041675535638e+00,5.490572491800849164e-08,1.951935233340428510e+01,4.392457993440679331e-07
2.475270000000000081e+01,1.294125399673387300e-01,1.393921300491237844e-02,-7.082039908403620529e+02,2.460325802505599402e+00,1.343993925179143289e-08,1.968260642004479521e+01,1.075195140143314632e-07
2.500209999999999866e+01,1.294102082018415423e-01,1.393907307224168633e-02,-7.149039648677908190e+02,2.480731433635087413e+00,-6.876381444809176458e-08,1.984585146908069930e+01,-5.501105155847341166e-07
2.525150000000000006e+01,1.294080868742960855e-01,1.393897726680299459e-02,-7.216038727464865588e+02,2.501136022038334072e+00,-8.652560209293502780e-08,2.000908817630667258e+01,-6.922048167434802224e-07
2.550090000000000146e+01,1.294061296423745511e-01,1.393893434803230615e-02,-7.283037197849102995e+02,2.521539647921716032e+00,1.870771911688384748e-08,2.017231718337372826e+01,1.496617529350707798e-07
2.575029999999999930e+01,1.294042773507538824e-01,1.393888915211266219e-02,-7.350035096512140171e+02,2.541942385395949966e+00,1.469444658730445497e-07,2.033553908316759973e+01,1.175555726984356397e-06
2.600690000000000168e+01,1.294024744203770005e-01,1.393877058564463832e-02,-7.418946657776782558e+02,2.562927203329447234e+00,1.099850159697046692e-07,2.050341762663557788e+01,8.798801277576373536e-07
2.625629999999999953e+01,1.294008851393752269e-01,1.393860240903020166e-02,-7.485943507729655266e+02,2.583328342996243698e+00,-1.154819811652330053e-07,2.066662674396994959e+01,-9.238558493218640422e-07
2.650570000000000093e+01,1.293995091594441482e-01,1.393849891603980012e-02,-7.552939924260906537e+02,2.603728785602458906e+00,-2.754849960789895746e-07,2.082983028481967125e+01,-2.203879968631916597e-06
2.675509999999999877e+01,1.293982876987277153e-01,1.393854403576702539e-02,-7.619935956658041505e+02,2.624128584697490219e+00,-9.450187405529719697e-08,2.099302867757992175e+01,-7.560149924423775758e-07
2.700450000000000017e+01,1.293970712239592424e-01,1.393864320837362968e-02,-7.686931616383214987e+02,2.644527789812594509e+00,3.188231771852900742e-07,2.115622231850075607e+01,2.550585417482320594e-06
2.725400000000000134e+01,1.293957895096555788e-01,1.393858314127323882e-02,-7.753926891445125875e+02,2.664926446777158731e+00,4.491174163748223869e-07,2.131941157421726984e+01,3.592939330998579095e-06
2.750339999999999918e+01,1.293945872158784594e-01,1.393829398135133270e-02,-7.820921798472966202e+02,2.685324597566693505e+00,-4.034249675988199613e-08,2.148259678053354804e+01,-3.227399740790559690e-07
2.775280000000000058e+01,1.293936932852323973e-01,1.393802590987015116e-02,-7.887916413708055643e+02,2.705722281318409639e+00,-7.078136158439329861e-07,2.164577825054727711e+01,-5.662508926751463889e-06
2.800219999999999843e+01,1.293931068475455415e-01,1.393812889004903549e-02,-7.954910825931785894e+02,2.726119533994895150e+00,-6.245873723012551615e-07,2.180895627195916120e+01,-4.996698978410041292e-06
2.825159999999999982e+01,1.293924766131826776e-01,1.393855991780231993e-02,-8.021905042169888702e+02,2.746516388486084814e+00,4.498585155568446403e-07,2.197213110788867851e+01,3.598868124454757123e-06
2.850100000000000122e+01,1.293914495803524523e-01,1.393876350892963786e-02,-8.088898971276399834e+02,2.766912875904344205e+00,1.365230032232545021e-06,2.213530300723475364e+01,1.092184025786036017e-05
2.875039999999999907e+01,1.293902081967859552e-01,1.393826592049542644e-02,-8.155892545526573940e+02,2.787309024160136151e+00,6.506943270034870608e-07,2.229847219328108920e+01,5.205554616027896486e-06
2.900700000000000145e+01,1.293894310676875770e-01,1.393740577651731045e-02,-8.224799954674897435e+02,2.808287593036122853e+00,-1.459945271731211136e-06,2.246630074428898283e+01,-1.167956217384968909e-05
2.925639999999999930e+01,1.293895409380461936e-01,1.393732444782136252e-02,-8.291793237406297976e+02,2.828683131831115194e+00,-2.309830175614702164e-06,2.262946505464892155e+01,-1.847864140491761731e-05
2.950580000000000069e+01,1.293898309865337826e-01,1.393844752759297589e-02,-8.358786577625867267e+02,2.849078404022884481e+00,-6.028902238552902304e-08,2.279262723218307585e+01,-4.823121790842321843e-07
2.975519999999999854e+01,1.293890835859375921e-01,1.393960735310507612e-02,-8.425779747261271950e+02,2.869473430814367010e+00,3.381272236993582148e-06,2.295578744651493608e+01,2.705017789594865718e-05
3.000459999999999994e+01,1.293871347626336932e-01,1.393903170540008313e-02,-8.492772421844521205e+02,2.889868231440520852e+00,3.360508265937145467e-06,2.311894585152416681e+01,2.688406612749716373e-05
3.025410000000000110e+01,1.293856400336084733e-01,1.393670291974095053e-02,-8.559764639623555240e+02,2.910262821645023923e+00,-1.784427189489845578e-06,2.328210257316019138e+01,-1.427541751591876462e-05
3.050349999999999895e+01,1.293864089008817664e-01,1.393527387605797245e-02,-8.626756942248371161e+02,2.930657219772205835e+00,-6.730250282922789484e-06,2.344525775817764668e+01,-5.384200226338231587e-05
3.075290000000000035e+01,1.293887659116379485e-01,1.393734709330260099e-02,-8.693749815559019680e+02,2.951051439368676199e+00,-3.853052298302683809e-06,2.360841151494940959e+01,-3.082441838642147047e-05
3.100230000000000175e+01,1.293893328774554374e-01,1.394142543959819673e-02,-8.760742927135731861e+02,2.971445492848552750e+00,6.294939823750511643e-06,2.377156394278842200e+01,5.035951859000409314e-05
3.125169999999999959e+01,1.293858236327218858e-01,1.394227664946012281e-02,-8.827735259372988139e+02,2.991839396790290984e+00,1.182678507982010130e-05,2.393471517432232787e+01,9.461428063856081039e-05
3.150110000000000099e+01,1.293811284580218546e-01,1.393701126196638176e-02,-8.894726328255676435e+02,3.012233158123881260e+00,2.066421324921352554e-06,2.409786526499105008e+01,1.653137059937082043e-05
3.175049999999999883e+01,1.293813505631738192e-01,1.393058557861861189e-02,-8.961717184040264783e+02,3.032626789316462013e+00,-1.561241239478317056e-05,2.426101431453169610e+01,-1.248992991582653644e-04
3.200710000000000122e+01,1.293883677551218581e-01,1.393246348471677103e-02,-9.030623699181219308e+02,3.053602974365556388e+00,-1.784169118689005185e-05,2.442882379492445111e+01,-1.427335294951204148e-04
3.225650000000000261e+01,1.293940811227094201e-01,1.394372590204510758e-02,-9.097617825419918063e+02,3.073996369700787490e+00,6.581649967099534315e-06,2.459197095760629992e+01,5.265319973679627452e-05
3.250589999999999691e+01,1.293889305323464023e-01,1.395162987074054749e-02,-9.164611057878273641e+02,3.094389666414717688e+00,3.293465043877064069e-05,2.475511733131774150e+01,2.634772035101651255e-04
3.275529999999999831e+01,1.293751631060304497e-01,1.394258394791649501e-02,-9.231600882573142144e+02,3.114782870510371282e+00,2.205774110070057858e-05,2.491826296408297026e+01,1.764619288056046287e-04
3.300469999999999970e+01,1.293692722298178943e-01,1.392191541298296378e-02,-9.298588609258958968e+02,3.135175977493378952e+00,-2.770599158799513795e-05,2.508140781994703161e+01,-2.216479327039611036e-04
3.325419999999999732e+01,1.293837128224070154e-01,1.391544585788820343e-02,-9.365579316923533497e+02,3.155569013993646976e+00,-5.964696018179865833e-05,2.524455211194917581e+01,-4.771756814543892666e-04
3.350359999999999872e+01,1.294063612824561948e-01,1.394002090736602174e-02,-9.432575954399620741e+02,3.175961971017584595e+00,-1.644132967265621303e-05,2.540769576814067676e+01,-1.315306373812497043e-04
3.375300000000000011e+01,1.294065190772797080e-01,1.397317864867312319e-02,-9.499573757324168355e+02,3.196354844927226768e+00,7.291594860282801793e-05,2.557083875941781415e+01,5.833275888226241435e-04
3.400240000000000151e+01,1.293726741468499419e-01,1.396891173711918913e-02,-9.566563860093081075e+02,3.216747676221614505e+00,9.501717399938020003e-05,2.573398140977291604e+01,7.601373919950416003e-04
3.425180000000000291e+01,1.293398219459702403e-01,1.391526904898045605e-02,-9.633544657855587730e+02,3.237140427000217535e+00,-1.666516860573952208e-05,2.589712341600174028e+01,-1.333213488459161766e-04
3.450119999999999720e+01,1.293580715605099907e-01,1.386949986322137847e-02,-9.700527823749461049e+02,3.257533103812997766e+00,-1.576106196645998825e-04,2.606026483050398213e+01,-1.260884957316799060e-03
3.475059999999999860e+01,1.294246539602364188e-01,1.390560566807035915e-02,-9.767527198398079236e+02,3.277925775526711050e+00,-1.276493068993536650e-04,2.622340620421368840e+01,-1.021194455194829320e-03
3.500000000000000000e+01,1.294621372942596493e-01,1.400807149183821987e-02,-9.834538508310906764e+02,3.298318329545954608e+00,1.112151801892710679e-04,2.638654663636763686e+01,8.897214415141685429e-04
3.525659999999999883e+01,1.293955382574577540e-01,1.405272152182258753e-02,-9.903451070985986462e+02,3.319293467561342137e+00,2.985551974062153335e-04,2.655434774049073710e+01,2.388441579249722668e-03
3.550600000000000023e+01,1.292795593726880354e-01,1.394051136650703571e-02,-9.970419168583307510e+02,3.339686026620940051e+00,1.115205662326410052e-04,2.671748821296752041e+01,8.921645298611280417e-04
3.575540000000000163e+01,1.292661667180478868e-01,1.376836559054852617e-02,-1.003737786593064129e+03,3.360078289410560970e+00,-3.366921322409399675e-04,2.688062631528448776e+01,-2.693537057927519740e-03
3.600480000000000302e+01,1.294255551319200559e-01,1.377008610810048425e-02,-1.010437230590962372e+03,3.380470638840314734e+00,-4.917849679410835062e-04,2.704376511072251787e+01,-3.934279743528668050e-03
3.625419999999999732e+01,1.296013728394953268e-01,1.402768719887655634e-02,-1.017141516915500915e+03,3.400863103042107038e+00,2.560201668122541463e-05,2.720690482433685631e+01,2.048161334498033170e-04
3.650359999999999872e+01,1.295336451994447691e-01,1.427278471280973675e-02,-1.023845133964076354e+03,3.421254722482692134e+00,7.570732264313081994e-04,2.737003777986153708e+01,6.056585811450465595e-03
3.675300000000000011e+01,1.292072726178172259e-01,1.412886091510107481e-02,-1.030540960857158097e+03,3.441647194678867372e+00,6.943451050290608273e-04,2.753317755743093898e+01,5.554760840232486618e-03
3.700240000000000151e+01,1.289951670035301146e-01,1.362193391041529970e-02,-1.037230197904043280e+03,3.462039149535782290e+00,-4.555561074603836635e-04,2.769631319628625832e+01,-3.644448859683069308e-03
3.725180000000000291e+01,1.292753757547627225e-01,1.334513578985871245e-02,-1.043924653800359692e+03,3.482429219647212637e+00,-1.474687011465719566e-03,2.785943375717770110e+01,-1.179749609172575653e-02
3.750119999999999720e+01,1.298665681426921237e-01,1.383554513225810842e-02,-1.050634108060377912e+03,3.502822808200622084e+00,-7.486165330170546639e-04,2.802258246560497668e+01,-5.988932264136437311e-03
3.775050000000000239e+01,1.300256936887944914e-01,1.471499383724560531e-02,-1.057350196476518477e+03,3.523211590772172386e+00,1.471420314901897286e-03,2.818569272617737909e+01,1.177136251921517829e-02
3.800699999999999790e+01,1.292715965496147312e-01,1.482211008977592573e-02,-1.064241522167127869e+03,3.544182148668760579e+00,2.523027090431700925e-03,2.835345718935008463e+01,2.018421672345360740e-02
3.825639999999999930e+01,1.283595083740679266e-01,1.360421956415040073e-02,-1.070916415203103952e+03,3.564578511371632619e+00,1.586447133177168456e-04,2.851662809097306095e+01,1.269157706541734765e-03
3.850569999999999737e+01,1.285948332312327469e-01,1.228268124182215967e-02,-1.077591644717344025e+03,3.584953628399442316e+00,-3.602701790706423768e-03,2.867962902719553853e+01,-2.882161432565139014e-02
3.875500000000000256e+01,1.301945768666324665e-01,1.282697584704410067e-02,-1.084304480363204448e+03,3.605345549115540393e+00,-3.724127188380901843e-03,2.884276439292432315e+01,-2.979301750704721474e-02
3.900430000000000064e+01,1.314196825225891763e-01,1.530718605299649301e-02,-1.091053801389650744e+03,3.625738968822552977e+00,1.756848637927591050e-03,2.900591175058042381e+01,1.405478910342072840e-02
3.925350000000000250e+01,1.302545770339627873e-01,1.688405802454568533e-02,-1.097782161713996629e+03,3.646074953575595412e+00,7.243758056049529048e-03,2.916859962860476330e+01,5.795006444839623239e-02
3.950260000000000105e+01,1.273531711175253378e-01,1.473085821624452348e-02,-1.104437893915702261e+03,3.666498813074134056e+00,4.403806438534295375e-03,2.933199050459307244e+01,3.523045150827436300e-02
3.975180000000000291e+01,1.263404307321303599e-01,1.025453951531638853e-02,-1.111055803389079301e+03,3.686834094282999796e+00,-6.506007732288397738e-03,2.949467275426399837e+01,-5.204806185830718190e-02
4.000079999999999814e+01,1.298020106859453515e-01,9.109082639164135797e-03,-1.117744833048679993e+03,3.707097446563266452e+00,-1.285055113231185764e-02,2.965677957250613161e+01,-1.028044090584948611e-01
4.025670000000000215e+01,1.348770015025096136e-01,1.484963418367923720e-02,-1.124762530605304391e+03,3.728201429879960394e+00,-2.282157115190433516e-03,2.982561143903968315e+01,-1.825725692152346813e-02
4.050560000000000116e+01,1.345603375546769453e-01,2.170278668088256729e-02,-1.131605842441176264e+03,3.748223384239612432e+00,1.678972775069200590e-02,2.998578707391689946e+01,1.343178220055360472e-01
4.075410000000000110e+01,1.273312277470038389e-01,1.988752475076895065e-02,-1.138274913474949244e+03,3.768526108109324646e+00,1.964961376350245204e-02,3.014820886487459717e+01,1.571969101080196163e-01
4.100240000000000151e+01,1.211124764511499335e-01,7.791219413954168088e-03,-1.144770271895647966e+03,3.789100343892037870e+00,-5.735200874803725313e-03,3.031280275113630296e+01,-4.588160699842980250e-02
4.125059999999999860e+01,1.267086654170876681e-01,-1.416074754257530804e-03,-1.151352155305463612e+03,3.808154031730305089e+00,-3.443713574237976943e-02,3.046523225384244071e+01,-2.754970859390381555e-01
4.150520000000000209e+01,1.428682660917745262e-01,7.968246921310262465e-03,-1.158510198634213339e+03,3.829779638052059898e+00,-2.384850947642370295e-02,3.063823710441647918e+01,-1.907880758113896236e-01
4.175200000000000244e+01,1.501675779000023192e-01,2.947759449687135588e-02,-1.165749142568605976e+03,3.849307224908638858e+00,2.743203277777567228e-02,3.079445779926911086e+01,2.194562622222053783e-01
4.200540000000000163e+01,1.361739730287648276e-01,3.598553504810537984e-02,-1.172866059443153972e+03,3.867251740081701250e+00,6.047824535188355000e-02,3.093801392065361000e+01,4.838259628150684000e-01
4.225079999999999814e+01,1.152622471523401942e-01,9.070269900774450417e-03,-1.179210435047167039e+03,3.890865596281404937e+00,1.688585682768610485e-02,3.112692477025123949e+01,1.350868546214888388e-01
4.250119999999999720e+01,1.207138652650242283e-01,-2.749233464156599499e-02,-1.185752688355926921e+03,3.905366915844449505e+00,-6.860131416768945611e-02,3.124293532675559604e+01,-5.488105133415156489e-01
4.275610000000000355e+01,1.678188129834779496e-01,-1.895947009511768713e-02,-1.193388880069533798e+03,3.926185060471425015e+00,-8.101031432460943649e-02,3.140948048377140012e+01,-6.480825145968754919e-01
4.300110000000000099e+01,2.020083466054724552e-01,3.610615171594160761e-02,-1.201981003033617526e+03,3.951956328290544551e+00,2.038078518876987322e-02,3.161565062632435641e+01,1.630462815101589857e-01
4.325619999999999976e+01,1.761438743352998493e-01,6.987408157920423080e-02,-1.210591946580081412e+03,3.956815533061117662e+00,1.190431884785067562e-01,3.165452426448894130e+01,9.523455078280540498e-01
4.350209999999999866e+01,1.214084358651884299e-01,1.191495083118113661e-02,-1.217063807943642587e+03,3.995213494697922307e+00,6.488698486543376109e-02,3.196170795758337846e+01,5.190958789234700888e-01
4.375229999999999819e+01,1.369943316995348992e-01,-8.874130837553891038e-02,-1.223676379785111067e+03,4.006933551570607044e+00,-8.107527815914609970e-02,3.205546841256485635e+01,-6.486022252731687976e-01
4.400119999999999720e+01,2.715899095746097669e-01,-7.447069046793998448e-02,-1.232465751388826448e+03,4.025674365097506424e+00,-1.185262720574433853e-01,3.220539492078005139e+01,-9.482101764595470828e-01
4.425560000000000116e+01,3.302777395131443749e-01,5.426985378983271296e-02,-1.244156816727654359e+03,4.072051120441900984e+00,8.311512015857516755e-03,3.257640896353520787e+01,6.649209612686013404e-02
4.450319999999999965e+01,2.302697104800656702e-01,1.109276170567400494e-01,-1.253871402096590828e+03,4.066864003409582651e+00,1.132343706281827150e-01,3.253491202727666121e+01,9.058749650254617203e-01
4.475090000000000146e+01,1.225381306857564467e-01,-4.349392061714183605e-02,-1.259405223858108229e+03,4.125057940681230662e+00,5.005531323090489648e-02,3.300046352544984529e+01,4.004425058472391719e-01
4.500569999999999737e+01,2.821728645527172841e-01,-1.983971596901125678e-01,-1.266502133606813459e+03,4.127260237805434606e+00,-7.768459100305200038e-02,3.301808190244347685e+01,-6.214767280244160030e-01
4.525419999999999732e+01,5.166859379369744820e-01,-9.355774763592315801e-02,-1.278363162353522512e+03,4.164620318621706119e+00,-7.213488712183258045e-02,3.331696254897364895e+01,-5.770790969746606436e-01
4.550370000000000203e+01,4.216622391866863273e-01,1.267407001801170996e-01,-1.291788988848351437e+03,4.190614687640305647e+00,3.751182243290683560e-02,3.352491750112244517e+01,3.000945794632546848e-01
4.575330000000000297e+01,1.677886304604167544e-01,7.973531204853551158e-02,-1.299143850384779853e+03,4.196549822396635321e+00,7.593175035494757752e-02,3.357239857917308257e+01,6.074540028395806202e-01
4.600330000000000297e+01,2.126254352906597478e-01,-2.461108460822968580e-01,-1.303386077536082666e+03,4.240998365598975361e+00,-5.653252292433769144e-03,3.392798692479180289e+01,-4.522601833947015315e-02
4.625359999999999872e+01,6.544078716436663168e-01,-2.677520603055839610e-01,-1.313738159009842548e+03,4.226000723308893647e+00,-6.915774089824335003e-02,3.380800578647114918e+01,-5.532619271859468002e-01
4.650379999999999825e+01,6.288959749978249025e-01,2.716033675444309847e-02,-1.329004907558767400e+03,4.274263223622212671e+00,-1.480744218731748496e-02,3.419410578897770137e+01,-1.184595374985398797e-01
4.675419999999999732e+01,2.634579009966883101e-01,1.863852968598006254e-01,-1.338980757004216457e+03,4.252693039274651809e+00,5.940915242498819027e-02,3.402154431419721448e+01,4.752732193999055221e-01
4.700430000000000064e+01,1.415982701308458047e-01,-2.228059408787872175e-01,-1.342082910246921756e+03,4.293389021853759147e+00,2.713492027096023329e-02,3.434711217483007317e+01,2.170793621676818663e-01
4.725469999999999970e+01,7.281990676371185023e-01,-3.868407709890299140e-01,-1.349574582632152215e+03,4.275299201449005437e+00,-4.890868767440341436e-02,3.420239361159204350e+01,-3.912695013952273149e-01
4.750460000000000349e+01,7.907262593400921080e-01,-1.151580396175013177e-01,-1.364933371011180498e+03,4.303100093662775905e+00,-3.322902515210184038e-02,3.442480074930220724e+01,-2.658322012168147230e-01
4.775500000000000256e+01,3.721829257094779186e-01,2.320472234312362103e-01,-1.376598819466621080e+03,4.293000215722297952e+00,4.020559873471790668e-02,3.434400172577838362e+01,3.216447898777432535e-01
4.800480000000000302e+01,9.717973202193831705e-02,-1.689572894248178025e-01,-1.379516178059088816e+03,4.307528943684680200e+00,3.655847072476334225e-02,3.446023154947744160e+01,2.924677657981067380e-01
4.825500000000000256e+01,7.576816066228695412e-01,-4.456276605319801076e-01,-1.384509083569090308e+03,4.306039650826511078e+00,-3.278124823033737312e-02,3.444831720661208863e+01,-2.622499858426989849e-01
4.850480000000000302e+01,8.940558697621812101e-01,-2.354608469453266795e-01,-1.398849545478059099e+03,4.309308335606438334e+00,-3.782405019854054307e-02,3.447446668485150667e+01,-3.025924015883243445e-01
4.875439999999999685e+01,4.626507723066276556e-01,2.360519579884146624e-01,-1.411404918867941433e+03,4.315480390793069887e+00,2.740563522000269425e-02,3.452384312634455910e+01,2.192450817600215540e-01
4.900410000000000110e+01,7.314459069127060564e-02,-1.142298084442750356e-01,-1.414343001181696764e+03,4.309842144486632165e+00,3.896855266495394265e-02,3.447873715589305732e+01,3.117484213196315412e-01
4.925319999999999965e+01,7.650542085329069542e-01,-4.676242108620685678e-01,-1.417716474417382415e+03,4.322410392813830882e+00,-2.256940253108895289e-02,3.457928314251064705e+01,-1.805552202487116231e-01
4.950260000000000105e+01,9.575342974736187340e-01,-3.219525546564850904e-01,-1.430837797689434638e+03,4.309815791941671748e+00,-3.925024603882079632e-02,3.447852633553337398e+01,-3.140019683105663706e-01
4.975130000000000052e+01,5.322801866972469709e-01,2.218719926983526158e-01,-1.443927400896462359e+03,4.327614318633727031e+00,1.902364908132088417e-02,3.462091454906981625e+01,1.521891926505670734e-01
5.000039999999999907e+01,6.134096084784265018e-02,-6.330563798243613038e-02,-1.446958375790189393e+03,4.309532302226561917e+00,3.985021551636354353e-02,3.447625841781249534e+01,3.188017241309083483e-01
5.025540000000000163e+01,7.756047458608035239e-01,-4.772584706560558665e-01,-1.449528600577268435e+03,4.330281581978248973e+00,-1.730155196000972284e-02,3.464225265582599178e+01,-1.384124156800777827e-01
5.050419999999999732e+01,9.930260353706819032e-01,-3.703944449151416185e-01,-1.461807074793082620e+03,4.310284344495347142e+00,-3.926501726486293642e-02,3.448227475596277714e+01,-3.141201381189034914e-01
5.075240000000000151e+01,5.687824179760294641e-01,2.115443789394471086e-01,-1.475049032786278531e+03,4.333434150405254925e+00,1.482410635583905623e-02,3.466747320324203940e+01,1.185928508467124498e-01
5.100099999999999767e+01,5.683426568423855657e-02,-3.796847585355742072e-02,-1.478051089062807478e+03,4.309773087366072453e+00,3.975048916040103963e-02,3.447818469892857962e+01,3.180039132832083171e-01
5.125560000000000116e+01,7.796241095665874532e-01,-4.797588211869255326e-01,-1.480115189862216766e+03,4.334731110787370056e+00,-1.394089027117724477e-02,3.467784888629896045e+01,-1.115271221694179582e-01
5.150399999999999778e+01,1.014298434584098185e+00,-4.026605767228574329e-01,-1.491777740444651954e+03,4.310307024867928938e+00,-3.921748016087139854e-02,3.448245619894343150e+01,-3.137398412869711883e-01
5.175180000000000291e+01,5.946146745955446233e-01,2.016166141224189634e-01,-1.505108132747741138e+03,4.336838132176477956e+00,1.207253212738454429e-02,3.469470505741182365e+01,9.658025701907635430e-02
5.200019999999999953e+01,5.494697660682137941e-02,-1.804789981704478866e-02,-1.508120135872253059e+03,4.309774627009245407e+00,3.968005618274192403e-02,3.447819701607396325e+01,3.174404494619353923e-01
5.225439999999999685e+01,7.793213101693423628e-01,-4.791797288417573575e-01,-1.509863922613027853e+03,4.337471852199421107e+00,-1.166249320643827914e-02,3.469977481759536886e+01,-9.329994565150623309e-02
5.250260000000000105e+01,1.026880969833508406e+00,-4.246733120800728067e-01,-1.521087780947187184e+03,4.310234712659244849e+00,-3.920731073968157510e-02,3.448187770127395879e+01,-3.136584859174526008e-01
5.275019999999999953e+01,6.136683381233595247e-01,1.926543123402320867e-01,-1.534486640014305749e+03,4.339028591417733338e+00,1.013799727029045250e-02,3.471222873134186671e+01,8.110397816232362000e-02
5.300480000000000302e+01,5.360789584747539804e-02,-2.317675611947966896e-02,-1.537551392961323700e+03,4.310680677619647128e+00,3.929029302934994305e-02,3.448544542095717702e+01,3.143223442347995444e-01
5.325240000000000151e+01,7.762127303215846652e-01,-4.773712908643085173e-01,-1.539074099805063270e+03,4.339329995011868668e+00,-9.999977763397963071e-03,3.471463996009494934e+01,-7.999982210718370457e-02
5.350050000000000239e+01,1.034247280425728999e+00,-4.403305680013130941e-01,-1.549980501105947951e+03,4.310165843726213808e+00,-3.923291028158931715e-02,3.448132674980971046e+01,-3.138632822527145372e-01
5.375450000000000017e+01,6.097238804380686883e-01,1.977935972435825862e-01,-1.563659340443254223e+03,4.339521287323335308e+00,1.048213786060360475e-02,3.471617029858668246e+01,8.385710288482883801e-02
5.400249999999999773e+01,5.332783222133693352e-02,-9.759809846627519325e-03,-1.566568129162633795e+03,4.310588972688677245e+00,3.935208989636410082e-02,3.448471178150941796e+01,3.148167191709128065e-01
5.425650000000000261e+01,7.876360992600209832e-01,-4.816109663825150489e-01,-1.568084148092059195e+03,4.339627548823174585e+00,-1.049673853560036119e-02,3.471702039058539668e+01,-8.397390828480288949e-02
5.450439999999999685e+01,1.037771502131989543e+00,-4.384706743434689247e-01,-1.579015025845454602e+03,4.311011198148705148e+00,-3.894832407821435805e-02,3.448808958518964118e+01,-3.115865926257148644e-01
5.475189999999999912e+01,6.218950818681435733e-01,1.907603904582820808e-01,-1.592360570278443447e+03,4.340762653264786053e+00,9.299258526534959213e-03,3.472610122611828842e+01,7.439406821227967370e-02
5.500630000000000308e+01,5.271776130365058571e-02,-1.939688323837209655e-02,-1.595349200768880337e+03,4.311437441907308710e+00,3.908219790632568025e-02,3.449149953525846968e+01,3.126575832506054420e-01
5.525370000000000203e+01,7.822450587123286336e-01,-4.789666450099116513e-01,-1.596745215081898550e+03,4.340773729767092526e+00,-9.410579064188032139e-03,3.472618983813674021e+01,-7.528463251350425711e-02
5.550160000000000338e+01,1.040637895185970052e+00,-4.479496021469415723e-01,-1.607486476641039189e+03,4.310930388486816867e+00,-3.904761724250445376e-02,3.448744310789453493e+01,-3.123809379400356301e-01
5.575549999999999784e+01,6.135332757060187880e-01,1.975182524071435464e-01,-1.621117931887476288e+03,4.340743136725946805e+00,1.008338678333271787e-02,3.472594509380757444e+01,8.066709426666174299e-02
5.600330000000000297e+01,5.279810132484637208e-02,-8.562533363994770733e-03,-1.623969908768159939e+03,4.311345232180217479e+00,3.920090726611033527e-02,3.449076185744173983e+01,3.136072581288826822e-01
5.625070000000000192e+01,7.759290050253497828e-01,-4.763265166281031027e-01,-1.625281067593109128e+03,4.341746588769135329e+00,-8.447251325683496903e-03,3.473397271015308263e+01,-6.757801060546797522e-02
5.650509999999999877e+01,1.041609645048253707e+00,-4.422597351855206971e-01,-1.636260650517799149e+03,4.311765447779581706e+00,-3.882151041771682298e-02,3.449412358223665365e+01,-3.105720833417345839e-01
5.675249999999999773e+01,6.231780947016638539e-01,1.912821474370620667e-01,-1.649567197286819919e+03,4.341681082988591456e+00,9.164446925926592047e-03,3.473344866390873165e+01,7.331557540741273638e-02
5.700030000000000285e+01,5.313633106177998583e-02,1.636819412838953422e-03,-1.652499390626584045e+03,4.311276311230090030e+00,3.931769404167503867e-02,3.449021048984072024e+01,3.145415523334003094e-01
5.725419999999999732e+01,7.858823292167511632e-01,-4.801174853666109188e-01,-1.653870048952493107e+03,4.341592321972842505e+00,-9.363819081889407370e-03,3.473273857578274004e+01,-7.491055265511525896e-02
5.750200000000000244e+01,1.042901420630214071e+00,-4.494778790672419033e-01,-1.664574801632370281e+03,4.311686628153212020e+00,-3.895075862688732182e-02,3.449349302522569616e+01,-3.116060690150985746e-01
5.775589999999999691e+01,6.131639682114394807e-01,1.986345158134052158e-01,-1.678170636738533858e+03,4.341483254101683897e+00,1.010411573554850784e-02,3.473186603281347118e+01,8.083292588438806270e-02
5.800370000000000203e+01,5.256152964072137446e-02,-1.009105450716299250e-02,-1.680983516425914559e+03,4.312102868775927966e+00,3.911506994342837940e-02,3.449682295020742373e+01,3.129205595474270352e-01
5.825099999999999767e+01,7.791730336915752009e-01,-4.773343515895331901e-01,-1.682280401309041736e+03,4.342432687950911863e+00,-8.522832064327579005e-03,3.473946150360729490e+01,-6.818265651462063204e-02
5.850529999999999831e+01,1.042897114357668631e+00,-4.423642179806445140e-01,-1.693252851530994121e+03,4.312526535602829725e+00,-3.874263436842710628e-02,3.450021228482263780e+01,-3.099410749474168503e-01
5.875269999999999726e+01,6.218947991262292474e-01,1.927183098113874615e-01,-1.706527665646267451e+03,4.342319459250943758e+00,9.281361839910740041e-03,3.473855567400755007e+01,7.425089471928592033e-02
5.900050000000000239e+01,5.290407914506951859e-02,-4.942940469287266866e-04,-1.709424298633121452e+03,4.312032698062903791e+00,3.924793275060223241e-02,3.449626158450323032e+01,3.139834620048178593e-01
5.925439999999999685e+01,7.886284773582560303e-01,-4.811631970484147036e-01,-1.710793212874264327e+03,4.342192574353109791e+00,-9.511498464209428017e-03,3.473754059482487833e+01,-7.609198771367542413e-02
5.950209999999999866e+01,1.043659043414271625e+00,-4.487723828161758743e-01,-1.721508895155793198e+03,4.312445832671318868e+00,-3.888531361549533993e-02,3.449956666137055095e+01,-3.110825089239627195e-01
5.975600000000000023e+01,6.112603319501185295e-01,2.002590579704554286e-01,-1.735074044657217200e+03,4.342052559817654256e+00,1.027559722530950459e-02,3.473642047854123405e+01,8.220477780247603672e-02
6.000379999999999825e+01,5.242809559230116739e-02,-1.263451874034854719e-02,-1.737854470354099931e+03,4.312865287428746974e+00,3.905205083301351021e-02,3.450292229942997579e+01,3.124164066641080817e-01
6.025110000000000099e+01,7.818690639282405153e-01,-4.783018248323330224e-01,-1.739157160931205681e+03,4.342989358958288193e+00,-8.715477454634912302e-03,3.474391487166630554e+01,-6.972381963707929842e-02
6.050540000000000163e+01,1.043241912493152235e+00,-4.411186320532378136e-01,-1.750151877095825967e+03,4.313292885320188397e+00,-3.868018047398694148e-02,3.450634308256150717e+01,-3.094414437918955318e-01
6.075280000000000058e+01,6.196754382843268072e-01,1.944779120047981924e-01,-1.763397758489785701e+03,4.342856193725595837e+00,9.489296432507593471e-03,3.474284954980476670e+01,7.591437146006074776e-02
6.100059999999999860e+01,5.273418965829672345e-02,-3.252869616626746438e-03,-1.766262880797995194e+03,4.312791693550372507e+00,3.919298313746084894e-02,3.450233354840298006e+01,3.135438650996867915e-01
6.125439999999999685e+01,7.910292072258500173e-01,-4.821890689590049295e-01,-1.767642617974570840e+03,4.342712635682001832e+00,-9.729530275008627105e-03,3.474170108545601465e+01,-7.783624220006901684e-02
6.150220000000000198e+01,1.043853134715546194e+00,-4.472477154980353253e-01,-1.778386528171918144e+03,4.313207651587099178e+00,-3.883077740796836430e-02,3.450566121269679343e+01,-3.106462192637469144e-01
6.175610000000000355e+01,6.087960237681230291e-01,2.020585970374544904e-01,-1.791922774115903167e+03,4.342558797183923680e+00,1.050087359998463921e-02,3.474047037747138944e+01,8.400698879987711365e-02
6.200379999999999825e+01,5.234297130357249556e-02,-1.555452571237040706e-02,-1.794673309064813793e+03,4.313631401719378644e+00,3.899567030333893347e-02,3.450905121375502915e+01,3.119653624267114678e-01
6.225119999999999720e+01,7.843359021904787731e-01,-4.792672926457816063e-01,-1.795989283103962180e+03,4.343497940501063859e+00,-8.951299729732908883e-03,3.474798352400851087e+01,-7.161039783786327106e-02
6.250549999999999784e+01,1.043227447872744351e+00,-4.393751400737713197e-01,-1.807016943303684457e+03,4.314063051612109234e+00,-3.862374729843243149e-02,3.451250441289687387e+01,-3.089899783874594519e-01
6.275280000000000058e+01,6.171103375364154209e-01,1.963470787056287581e-01,-1.820234776680678806e+03,4.343354948348308042e+00,9.729208027617758381e-03,3.474683958678646434e+01,7.783366422094206705e-02
6.300059999999999860e+01,5.259894768372714441e-02,-6.236807791140882434e-03,-1.823070069457910449e+03,4.313552930662429397e+00,3.914248748643274489e-02,3.450842344529943517e+01,3.131398998914619591e-01
6.325450000000000017e+01,7.932758751845605527e-01,-4.832176272865802980e-01,-1.824465332427813564e+03,4.343202317991405437e+00,-9.972645605004090696e-03,3.474561854393124349e+01,-7.978116484003272557e-02
6.350220000000000198e+01,1.043826505532173154e+00,-4.454187258694612406e-01,-1.835243731549208860e+03,4.313972366520618884e+00,-3.877896971498356882e-02,3.451177893216495107e+01,-3.102317577198685505e-01
6.375610000000000355e+01,6.061169851780903173e-01,2.039166828199192871e-01,-1.848751514853542176e+03,4.343040655297935260e+00,1.074610270284920288e-02,3.474432524238348208e+01,8.596882162279362305e-02
6.400379999999999825e+01,5.228764187778726924e-02,-1.861213520701832103e-02,-1.851473183403148369e+03,4.314400015376003594e+00,3.894116780576854786e-02,3.451520012300802875e+01,3.115293424461483829e-01
6.425119999999999720e+01,7.866848407281742395e-01,-4.802407023755696502e-01,-1.852805294076117207e+03,4.343987447132717783e+00,-9.202442346994688105e-03,3.475189957706174226e+01,-7.361953877595750484e-02
6.450549999999999784e+01,1.043066951651739904e+00,-4.374472603468214649e-01,-1.863869672048222128e+03,4.314835897679690113e+00,-3.856880476485173570e-02,3.451868718143752091e+01,-3.085504381188138856e-01
6.475289999999999679e+01,6.144086180459819024e-01,1.982523808031221857e-01,-1.877059571117190217e+03,4.343837986757857372e+00,9.980747045607765711e-03,3.475070389406285898e+01,7.984597636486212568e-02
6.500060000000000571e+01,5.248860443869560188e-02,-9.306298280901990211e-03,-1.879865746378437962e+03,4.314315607371766781e+00,3.909333071827469919e-02,3.451452485897413425e+01,3.127466457461975935e-01
6.525449999999999307e+01,7.954370651918343249e-01,-4.842559426534535638e-01,-1.881278347688067015e+03,4.343679466370283571e+00,-1.022382445475658597e-02,3.474943573096226856e+01,-8.179059563805268773e-02
6.550220000000000198e+01,1.043704682255700567e+00,-4.434733235746548541e-01,-1.892093439538301936e+03,4.314739421884993043e+00,-3.872645891284856590e-02,3.451791537507994434e+01,-3.098116713027885272e-01
6.575620000000000687e+01,6.033566755561315942e-01,2.057866937606454005e-01,-1.905572751564419150e+03,4.343512360908703407e+00,1.099932688996933805e-02,3.474809888726962726e+01,8.799461511975470440e-02
6.600390000000000157e+01,5.225542011241299245e-02,-2.172692366258730662e-02,-1.908266046798181833e+03,4.315171150179022419e+00,3.888758775445187721e-02,3.452136920143217935e+01,3.111007020356150177e-01
6.625119999999999720e+01,7.889633945492986467e-01,-4.812280617460307219e-01,-1.909615464752057960e+03,4.344468949693281346e+00,-9.458049676349500334e-03,3.475575159754625076e+01,-7.566439741079600267e-02
6.650549999999999784e+01,1.042839202259206122e+00,-4.354529838375458262e-01,-1.920717756651311220e+03,4.315610688899613301e+00,-3.851356161551436341e-02,3.452488551119690641e+01,-3.081084929241149073e-01
6.675289999999999679e+01,6.116558680909629508e-01,2.001614342962437787e-01,-1.933879640486832614e+03,4.344314112881838774e+00,1.023600992132256415e-02,3.475451290305471019e+01,8.188807937058051323e-02
6.700060000000000571e+01,5.239982578215916093e-02,-1.241286997620475244e-02,-1.936657035352645607e+03,4.315080725832256547e+00,3.904340646223748712e-02,3.452064580665805238e+01,3.123472516978998970e-01
6.725449999999999307e+01,7.975447789250421637e-01,-4.853103736350074526e-01,-1.938087800300018898e+03,4.344150699003796134e+00,-1.047847428287329574e-02,3.475320559203036908e+01,-8.382779426298636594e-02
6.750220000000000198e+01,1.043533584091143496e+00,-4.414821531052345316e-01,-1.948940376112240756e+03,4.315508432756057999e+00,-3.867331739336528351e-02,3.452406746204846399e+01,-3.093865391469222681e-01
6.775620000000000687e+01,6.005693562089859938e-01,2.076488781003574258e-01,-1.962391078585647392e+03,4.343979045349383838e+00,1.125489181264435756e-02,3.475183236279507071e+01,9.003913450115486050e-02
6.800390000000000157e+01,5.224410341549576287e-02,-2.486271079886298932e-02,-1.965056341623965636e+03,4.315944391491913557e+00,3.883365421801313055e-02,3.452755513193530845e+01,3.106692337441050444e-01
6.825130000000000052e+01,7.911942257475771401e-01,-4.822334965938857576e-01,-1.966423644821655671e+03,4.344945654760211440e+00,-9.715277734076696592e-03,3.475956523808169152e+01,-7.772222187261357274e-02
6.850549999999999784e+01,1.042572053029189760e+00,-4.334305859676991779e-01,-1.977564224236949258e+03,4.316386698937230371e+00,-3.845794256293579017e-02,3.453109359149784297e+01,-3.076635405034863213e-01
6.875289999999999679e+01,6.088835706492465860e-01,2.020622005033729796e-01,-1.990697952370616576e+03,4.344786283027861629e+00,1.049158811661213275e-02,3.475829026422289303e+01,8.393270493289706202e-02
6.900060000000000571e+01,5.233148164687783516e-02,-1.553710412548163153e-02,-1.993446812145961985e+03,4.315847965993532043e+00,3.899153463350095439e-02,3.452678372794825634e+01,3.119322770680076351e-01
6.925459999999999638e+01,7.996055570404716484e-01,-4.863802271476823647e-01,-1.994896156606786917e+03,4.344618499289079949e+00,-1.073513858557623157e-02,3.475694799431263959e+01,-8.588110868460985259e-02
6.950230000000000530e+01,1.043329621251361417e+00,-4.394666296281782847e-01,-2.005786454467034446e+03,4.316279760417518929e+00,-3.862021986519161010e-02,3.453023808334015143e+01,-3.089617589215328808e-01
6.975620000000000687e+01,5.977744668867656097e-01,2.094956808764224243e-01,-2.019208324699209697e+03,4.344443058165275318e+00,1.151014686270809828e-02,3.475554446532220254e+01,9.208117490166478625e-02
7.000390000000000157e+01,5.225249589617560197e-02,-2.800161399788200778e-02,-2.021845864028052347e+03,4.316719349173037124e+00,3.877876512570972711e-02,3.453375479338429699e+01,3.102301210056778169e-01
7.025130000000000052e+01,7.933784329045495687e-01,-4.832547059709458304e-01,-2.023231355053402012e+03,4.345419446525506935e+00,-9.972588732728715488e-03,3.476335557220405548e+01,-7.978070986182972391e-02
7.050549999999999784e+01,1.042275463127490420e+00,-4.313926011072311550e-01,-2.034410309314486312e+03,4.317165021170740857e+00,-3.840092669584249663e-02,3.453732016936592686e+01,-3.072074135667399730e-01
7.075289999999999679e+01,6.060926342548299539e-01,2.039560767864685431e-01,-2.047515607587445402e+03,4.345255675131136641e+00,1.074784745971500699e-02,3.476204540104909313e+01,8.598277967772005592e-02
7.100060000000000571e+01,5.228280224734085935e-02,-1.866857660186620887e-02,-2.050236102685781589e+03,4.316617059130934742e+00,3.893862382162691094e-02,3.453293647304747793e+01,3.115089905730152875e-01
7.125459999999999638e+01,8.016180320845723850e-01,-4.874624601458162898e-01,-2.051704286692024652e+03,4.345083740957768725e+00,-1.099192893535191895e-02,3.476066992766214980e+01,-8.793543148281535160e-02
7.150230000000000530e+01,1.043099302135178430e+00,-4.374400367638900389e-01,-2.062632263309184964e+03,4.317053076831915526e+00,-3.856645195408464621e-02,3.453642461465532421e+01,-3.085316156326771697e-01
7.175620000000000687e+01,5.949623604836853374e-01,2.113352441810945059e-01,-2.076025006906031649e+03,4.344904269386061557e+00,1.176519844805198889e-02,3.475923415508849246e+01,9.412158758441591111e-02
7.200390000000000157e+01,5.228046495333442401e-02,-3.114503036058214464e-02,-2.078635030584240212e+03,4.317495437897179933e+00,3.872325537960201458e-02,3.453996350317743946e+01,3.097860430368161166e-01
7.225130000000000052e+01,7.955160136075171140e-01,-4.842904990237502094e-01,-2.080038909810356927e+03,4.345890743459714933e+00,-1.022890667645742768e-02,3.476712594767771947e+01,-8.183125341165942146e-02
7.250549999999999784e+01,1.041953346424639104e+00,-4.293441878275394141e-01,-2.091256192475814714e+03,4.317945348625267243e+00,-3.834174195205092284e-02,3.454356278900213795e+01,-3.067339356164073827e-01
7.275289999999999679e+01,6.032918281628242285e-01,2.058384104561517824e-01,-2.104332800332341321e+03,4.345722789966984578e+00,1.100509366314682269e-02,3.476578231973587663e+01,8.804074930517458153e-02
7.300060000000000571e+01,5.225344024856988512e-02,-2.181025893586793080e-02,-2.107025110788401889e+03,4.317388447707411814e+00,3.888560356526322981e-02,3.453910758165929451e+01,3.110848285221058385e-01
7.325459999999999638e+01,8.035831283979008033e-01,-4.885562598694153102e-01,-2.108512359746464881e+03,4.345547207321841299e+00,-1.124762008373371425e-02,3.476437765857473039e+01,-8.998096066986971397e-02
7.350230000000000530e+01,1.042845536234085824e+00,-4.354098643194401763e-01,-2.119477828378336653e+03,4.317828077077330740e+00,-3.851161287476549677e-02,3.454262461661864592e+01,-3.080929029981239742e-01
7.375620000000000687e+01,5.921424309270594266e-01,2.131626854570179697e-01,-2.132841217836055876e+03,4.345363434497222954e+00,1.201960617051651969e-02,3.476290747597778363e+01,9.615684936413215755e-02
7.400390000000000157e+01,5.232826319810684329e-02,-3.429540069117889556e-02,-2.135423876049005230e+03,4.318273811166434939e+00,3.866625439321851043e-02,3.454619048933147951e+01,3.093300351457480835e-01
7.425130000000000052e+01,7.976144232858866090e-01,-4.853443261850385326e-01,-2.136846380211211908e+03,4.346359792193188021e+00,-1.048544648780345978e-02,3.477087833754550417e+01,-8.388357190242767825e-02
7.450549999999999784e+01,1.041607304909673681e+00,-4.272894657639061955e-01,-2.148101959117485876e+03,4.318727397580595095e+00,-3.828146654423185413e-02,3.454981918064476076e+01,-3.062517323538548331e-01
7.475300000000000011e+01,6.004902836228582785e-01,2.077043416007623988e-01,-2.161149654503979946e+03,4.346187765704298656e+00,1.126207044586284567e-02,3.476950212563438924e+01,9.009656356690276535e-02
7.500000000000000000e+01,5.222768026998825253e-02,-2.274487588355496998e-02,-2.163815076850924470e+03,4.318148371838828936e+00,3.883781071214448266e-02,3.454518697471063149e+01,3.107024856971558613e-01
